[
    {
        "id": "1",
        "code": "DG",
        "en": "Direction Générale",
        "fr": "Direction Générale"
    },
    {
        "id": "2",
        "code": "DIR",
        "en": "Direction",
        "fr": "Direction"
    },
    {
        "id": "3",
        "code": "SDIR",
        "en": "Sous-Direction",
        "fr": "Sous-Direction"
    },
    {
        "id": "4",
        "code": "DA",
        "en": "Direction Adjoint",
        "fr": "Direction Adjoint"
    },
    {
        "id": "5",
        "code": "SERV",
        "en": "Service",
        "fr": "Service"
    },
    {
        "id": "6",
        "code": "BUR",
        "en": "Bureau",
        "fr": "Bureau"
    }
]