[
    {
        "id": "0",
        "code": "MIN",
        "en": "Ministère",
        "fr": "Ministère"
    },
    {
        "id": "1",
        "code": "DG",
        "en": "Direction Générale",
        "fr": "Direction Générale"
    },
    {
        "id": "2",
        "code": "DIR",
        "en": "Direction",
        "fr": "Direction"
    },
    {
        "id": "3",
        "code": "SDIR",
        "en": "Sous-Direction",
        "fr": "Sous-Direction"
    },
    {
        "id": "4",
        "code": "SVC",
        "en": "Service",
        "fr": "Service"
    },
    {
        "id": "5",
        "code": "SDIR",
        "en": "Bureau",
        "fr": "Bureau"
    }
]