[
    {
        "id": "1",
        "code": "SC",
        "en": "Services centraux",
        "fr": "Services centraux"
    },
    {
        "id": "2",
        "code": "SD",
        "en": "Services déconcentrés",
        "fr": "Services déconcentrés"
    },
    {
        "id": "3",
        "code": "SE",
        "en": "Services exterieurs",
        "fr": "Services exterieurs"
    },
    {
        "id": "4",
        "code": "DE",
        "en": "Detached services",
        "fr": "Services détachés"
    }
]