
[
    {
        "id": "1",
        "en": "Ponctuel et Assidue au travail",
        "fr": "Ponctuel et Assidue au travail"
    },
    {
        "id": "2",
        "en": "Soin et célérité dans le traitement des dossiers",
        "fr": "Soin et célérité dans le traitement des dossiers"
    },
    {
        "id": "3",
        "en": "Sens de l'initiative",
        "fr": "Sens de l'initiative"
    },
    {
        "id": "4",
        "en": "Sens du service public et courtoisie",
        "fr": "Sens du service public et courtoisie"
    }
]