[
    {
        "id": 0,
        "uri": "*",
        "method": "GET"
    },
    {
        "id": 1,
        "uri": "/api/audit/from/:from/to/:to",
        "method": "GET",
        "roles": [1]
    },
    {
        "id": 2,
        "uri": "/api/account/signin",
        "method": "POST"
    },
    {
        "id": 3,
        "uri": "/api/account/signout",
        "method": "GET"
    },
    {
        "id": 4,
        "uri": "/api/account",
        "method": "PUT",
        "roles": [1]
    },
    {
        "id": 5,
        "uri": "/api/account/password/change",
        "method": "POST",
        "roles": [1, 2, 3, 4, 5]
    },
    {
        "id": 6,
        "uri": "/api/account/password/lost",
        "method": "POST"
    },
    {
        "id": 7,
        "uri": "/api/account/password/reset",
        "method": "POST"
    },
    {
        "id": 8,
        "uri": "/api/account/activation",
        "method": "POST"
    },
    {
        "id": 9,
        "uri": "/api/account/profile",
        "method": "GET",
        "roles": [1, 2, 3, 4, 5]
    },
    {
        "id": 10,
        "uri": "/api/users",
        "method": "GET",
        "roles": [1, 3]
    },
    {
        "id": 11,
        "uri": "/api/users",
        "method": "POST",
        "roles": [1, 3]
    },
    {
        "id": 12,
        "uri": "/api/users/password",
        "method": "POST",
        "roles": [1, 3]
    },
    {
        "id": 13,
        "uri": "/api/users/:id",
        "method": "PUT",
        "roles": [1, 3]
    },
    {
        "id": 14,
        "uri": "/api/users/:id",
        "method": "DELETE",
        "roles": [1, 3]
    },
    {
        "id": 15,
        "uri": "/api/users/:id",
        "method": "GET",
        "roles": [1, 3]
    },
    {
        "id": 16,
        "uri": "/api/ui/nav",
        "method": "GET",
        "roles": [1, 2, 3, 4, 5]
    },
    {
        "id": 17,
        "uri": "/api/ui/charts",
        "method": "GET",
        "roles": [1, 2, 3, 4, 5]
    },
    {
        "id": 18,
        "uri": "/api/installation/status",
        "method": "GET"
    },
    {
        "id": 19,
        "uri": "/api/installation/admin",
        "method": "PUT"
    },
    {
        "id": 20,
        "uri": "/api/projects",
        "method": "PUT",
        "roles": [1, 2, 3]
    },
    {
        "id": 21,
        "uri": "/api/projects",
        "method": "GET",
        "roles": [1, 2, 3]
    },
    {
        "id": 22,
        "uri": "/api/projects/:id/beautify/:beautify",
        "method": "GET",
        "roles": [1, 2, 3]
    },
    {
        "id": 23,
        "uri": "/api/installation",
        "method": "GET"
    },
    {
        "id": 24,
        "uri": "/api/projects/:id",
        "method": "DELETE",
        "roles": [1, 2, 3]
    },
    {
        "id": 25,
        "uri": "/api/configuration",
        "method": "PUT",
        "roles": [1]
    },
    {
        "id": 26,
        "uri": "/api/configuration",
        "method": "GET",
        "roles": [1]
    },
    {
        "id": 27,
        "uri": "/api/installation",
        "method": "PUT"
    },
    {
        "id": 28,
        "uri": "/api/dictionary/:dictionary/list",
        "method": "GET"
    },
    {
        "id": 29,
        "uri": "/api/charts/:name/from/:from/to/:to/selecteduser/:selecteduser",
        "method": "GET",
        "roles": [1, 2, 3, 4, 5]
    },
    {
        "id": 30,
        "uri": "/api/dictionary/search/:dictionary/:query",
        "method": "GET"
    },
    {
        "id": 31,
        "uri": "/api/notifications",
        "method": "GET",
        "roles": [1, 2, 3, 4, 5]
    },
    {
        "id": 32,
        "uri": "/api/notifications/:id",
        "method": "PUT",
        "roles": [1, 2, 3, 4, 5]
    },
    {
        "id": 33,
        "uri": "/api/organizations",
        "method": "PUT",
        "roles": [1, 2, 3]
    },
    {
        "id": 34,
        "uri": "/api/organizations",
        "method": "GET",
        "roles": [1, 2, 3]
    },
    {
        "id": 35,
        "uri": "/api/organizations/:id",
        "method": "GET",
        "roles": [1, 2, 3]
    },
    {
        "id": 36,
        "uri": "/api/organizations/:id",
        "method": "DELETE",
        "roles": [1, 2, 3]
    },
    {
        "id": 37,
        "uri": "/api/import",
        "method": "PUT",
        "roles": [1, 2, 3]
    },
    {
        "id": 38,
        "uri": "/api/export/from/:from/to/:to",
        "method": "GET",
        "roles": [1, 2, 3]
    },
    {
        "id": 39,
        "uri": "/api/structures/id/:id/:limit/:skip",
        "method": "GET",
        "roles": [1, 2, 3, 4]
    },
    {
        "id": 40,
        "uri": "/api/positions/:search/:filters/:limit/:skip",
        "method": "GET",
        "roles": [1, 2, 3, 4, 5]
    },
    {
        "id": 41,
        "uri": "/api/positions/read/:id",
        "method": "GET",
        "roles": [1, 2, 3, 4, 5]
    },
    {
        "id": 42,
        "uri": "/api/positions",
        "method": "PUT",
        "roles": [1, 2, 3, 4, 5]
    },
    {
        "id": 43,
        "uri": "/api/personnel",
        "method": "PUT",
        "roles": [1, 2, 3, 4, 5]
    },
    {
        "id": 44,
        "uri": "/api/personnel/read/:id/:beautify",
        "method": "GET",
        "roles": [1, 2, 3, 4, 5]
    },
    {
        "id": 45,
        "uri": "/api/personnel/:minify/:limit/:skip/:search/:filters",
        "method": "GET",
        "roles": [1, 2, 3, 4, 5]
    },
    {
        "id": 46,
        "uri": "/api/structures/read/:id",
        "method": "GET",
        "roles": [1, 3, 4]
    },
    {
        "id": 47,
        "uri": "/api/structures",
        "method": "PUT",
        "roles": [1, 3, 4]
    },
    {
        "id": 48,
        "uri": "/api/positions/find/:code",
        "method": "GET",
        "roles": [1, 3, 4]
    },
    {
        "id": 49,
        "uri": "/api/positions/affect/",
        "method": "PUT",
        "roles": [1, 3]
    },
    {
        "id": 50,
        "uri": "/api/personnel/search/:text",
        "method": "GET",
        "roles": [1, 2, 3, 4, 5]
    },
    {
        "id": 51,
        "uri": "/api/personnel/eligible/:id",
        "method": "GET",
        "roles": [1, 3, 4]
    },
    {
        "id": 52,
        "uri": "/api/pdf/pdf1/",
        "method": "GET",
        "roles": [1, 2, 3, 4, 5]
    },
    {
        "id": 53,
        "uri": "/api/personnel/checkExistance/:mat",
        "method": "GET",
        "roles": [1, 2, 3, 4, 5]
    },
    {
        "id": 54,
        "uri": "/api/personnelRetired/:filters",
        "method": "GET",
        "roles": [1, 2, 3, 4, 5]
    },
    {
        "id": 55,
        "uri": "/api/monitor/:year/:quarter/:structure",
        "method": "GET",
        "roles": [1, 2, 3, 4, 5]
    },
    {
        "id": 56,
        "uri": "/api/export/pdf/positions/:structure/:vacancies/:nomenclature",
        "method": "GET",
        "roles": [1, 2, 3, 4, 5]
    },
    {
        "id": 57,
        "uri": "/api/export/pdf/structures/",
        "method": "GET",
        "roles": [1, 2, 3, 4, 5]
    },
    {
        "id": 58,
        "uri": "/api/structures/minimal/:structure",
        "method": "GET",
        "roles": [1, 2, 3, 4]
    },
    {
        "id": 59,
        "uri": "/api/personnel/export/:search/:filters",
        "method": "GET",
        "roles": [1, 2, 3, 4, 5]
    },
    {
        "id": 60,
        "uri": "/api/positions/download/:search/:filters",
        "method": "GET",
        "roles": [1, 2, 3, 4, 5]
    },
    {
        "id": 61,
        "uri": "/api/personnel/exportEligible/:id",
        "method": "GET",
        "roles": [1, 2, 3, 4]
    },
    {
        "id": 62,
        "uri": "/api/tasks",
        "method": "PUT",
        "roles": [1, 2, 3, 4, 5]
    },
    {
        "id": 63,
        "uri": "/api/tasks/:status/:priority/:category/:from/:to/:selecteduser/:search",
        "method": "GET",
        "roles": [1, 2, 3, 4, 5]
    },
    {
        "id": 64,
        "uri": "/api/task/:id",
        "method": "GET",
        "roles": [1, 2, 3, 4, 5]
    },
    {
        "id": 65,
        "uri": "/api/task/:id",
        "method": "DELETE",
        "roles": [1, 2, 3, 4, 5]
    },
    {
        "id": 66,
        "uri": "/api/categories",
        "method": "PUT",
        "roles": [1, 2, 3, 4, 5]
    },
    {
        "id": 67,
        "uri": "/api/categories",
        "method": "GET",
        "roles": [1, 2, 3, 4, 5]
    },
    {
        "id": 68,
        "uri": "/api/categories/:id",
        "method": "GET",
        "roles": [1, 2, 3, 4, 5]
    },
    {
        "id": 69,
        "uri": "/api/categories/:id",
        "method": "DELETE",
        "roles": [1, 2, 3, 4, 5]
    },
    {
        "id": 70,
        "uri": "/api/editTask/:id",
        "method": "GET",
        "roles": [1, 2, 3, 4, 5]
    },
    {
        "id": 71,
        "uri": "/api/task",
        "method": "POST",
        "roles": [1, 2, 3, 4, 5]
    },
    {
        "id": 72,
        "uri": "/api/taskHistory/:id",
        "method": "GET",
        "roles": [1, 2, 3, 4, 5]
    },
    {
        "id": 73,
        "uri": "/api/excelExport/card",
        "method": "POST",
        "roles": [1, 2, 3, 4, 5]
    },
    {
        "id": 74,
        "uri": "/api/taskComments/:id",
        "method": "GET",
        "roles": [1, 2, 3, 4, 5]
    },
    {
        "id": 75,
        "uri": "/api/taskCommentDelete/:id/:commentIndex",
        "method": "DELETE",
        "roles": [1, 2, 3, 4, 5]
    }, {
        "id": 76,
        "uri": "/api/thresholds",
        "method": "GET",
        "roles": [1, 2, 3, 4]
    },
    {
        "id": 77,
        "uri": "/api/thresholds",
        "method": "POST",
        "roles": [1]
    },
    {
        "id": 78,
        "uri": "/api/affectations/:limit/:skip/:search/:filters",
        "method": "GET",
        "roles": [1, 2, 3, 4, 5]
    },
    {
        "id": 79,
        "uri": "/api/affectations/:id",
        "method": "DELETE",
        "roles": [1, 3]
    },
    {
        "id": 80,
        "uri": "/api/personnel/:id",
        "method": "DELETE",
        "roles": [1]
    },
    {
        "id": 81,
        "uri": "/api/sanctions",
        "method": "PUT",
        "roles": [1, 2, 3, 4, 5]
    },
    {
        "id": 82,
        "uri": "/api/sanctions/:limit/:skip/:search/:filters",
        "method": "GET",
        "roles": [1, 2, 3, 4, 5]
    },
    {
        "id": 83,
        "uri": "/api/sanctions/:id",
        "method": "DELETE",
        "roles": [1, 3]
    },
    {
        "id": 84,
        "uri": "/api/sanctionsExport/:filters",
        "method": "GET",
        "roles": [1, 2, 3, 4, 5]
    },
    {
        "id": 85,
        "uri": "/api/sanctionsStatistics/:filters",
        "method": "GET",
        "roles": [1, 2, 3, 4, 5]
    },
    {
        "id": 86,
        "uri": "/api/export/pdf/followUpSheet/:id",
        "method": "GET",
        "roles": [1, 2, 3, 4, 5]
    },
    {
        "id": 87,
        "uri": "/api/documents",
        "method": "PUT",
        "roles": [1, 2, 3, 4, 5]
    },
    {
        "id": 88,
        "uri": "/api/documents/:limit/:skip/:search/:filters",
        "method": "GET",
        "roles": [1,2,3,4,5]
    },
    {
        "id": 89,
        "uri": "/api/documents/:id",
        "method": "DELETE",
        "roles": [1, 3]
    },
    {
        "id": 90,
        "uri": "/api/documents/download/:id",
        "method": "GET",
        "roles": [1, 2, 3, 4, 5]
    },
    {
        "id": 91,
        "uri": "/api/documents/zip/:id",
        "method": "GET",
        "roles": [1, 2, 3, 4, 5]
    },
    {
        "id": 92,
        "uri": "/api/documents/:id",
        "method": "GET",
        "roles": [1, 2, 3, 4, 5]
    }
]
