{
  "system": {
    "logPath": "../logs/",
    "deleteLogsAfter": "-1",
    "environment": "dev"
  },
  "server": {
    "name": "http://admineex.org",
    "host": "127.0.0.1",
    "httpPort": 4002
  },
  "token": {
    "secret": "9DyBzxg3mchSNBzD7HtzojxrE7PU23SWi4dQUpry2BrSEAP9Xg",
    "expiration": 10900
  },
  "mongo": "mongodb://mongodb:27017/persabeRCA",
  "mailer": {
    "host": "smtp.gmail.com",
    "port": 465,
    "auth": {
      "user": "anatoleabe@gmail.com",
      "pass": "ylpeR6102oN"
    },
    "sender": {
      "name": "Admineex",
      "address": "anatoleabe@gmail.com"
    }
  },
  "rateLimiter": {
    "points": 200,
    "duration": 1,
    "blockDuration": 60
  },
  "initialize": {
    "structures": 0,
    "positions": 0
  }
}