[
      {
        "id": "0",
        "en": "Active",
        "fr": "Actif"
      },
      {
        "id": "1",
        "en": "En congé",
        "fr": "En congé"
      },
      {
        "id": "2",
        "en": "Permissionnaire",
        "fr": "Permissionnaire"
      },
      {
        "id": "3",
        "en": "Retraité",
        "fr": "Retraité"
      },
      {
        "id": "4",
        "en": "Mise en Stage",
        "fr": "Mise en Stage"
      },
      {
        "id": "5",
        "en": "Révocation",
        "fr": "Révocation"
      },
      {
        "id": "6",
        "en": "Suspendu",
        "fr": "Suspendu"
      },
      {
        "id": "7",
        "en": "En poste",
        "fr": "En poste"
      },
      {
        "id": "8",
        "en": "Décédé",
        "fr": "Décédé"
      },
      {
        "id": "9",
        "en": "Malade",
        "fr": "Malade"
      },
      {
        "id": "10",
        "en": "Abandon",
        "fr": "Abandon"
      },
      {
        "id": "11",
        "en": "Extended",
        "fr": "Rallongé"
      },
      {
        "id": "12",
        "en": "En age de retraite",
        "fr": "En age de retraite"
      }
    ]