[
    {
        "id": "1",
        "fr": "Administration",
        "en": "Administration"
    },
    {
        "id": "2",
        "fr": "Administration générale",
        "en": "General Administration"
    },
    {
        "id": "3",
        "fr": "Administration économie et finance",
        "en": "Administration economy and finance"
    },
    {
        "id": "4",
        "fr": "Administration hospitalière",
        "en": "Hospital Administration"
    },
    {
        "id": "5",
        "fr": "Archives",
        "en": "Archives"
    },
    {
        "id": "6",
        "fr": "Assurances",
        "en": "insurance"
    },
    {
        "id": "7",
        "fr": "Banque et monnaie",
        "en": "Bank and currency"
    },
    {
        "id": "8",
        "fr": "Bâtiment",
        "en": "Building"
    },
    {
        "id": "9",
        "fr": "Comptabilité Publique",
        "en": "Public Accounting"
    },
    {
        "id": "10",
        "fr": "Comptabilité Privée",
        "en": "Private Accounting"
    },
    {
        "id": "11",
        "fr": "Comptabilité-matière",
        "en": "Stock records"
    },
    {
        "id": "12",
        "fr": "Courier",
        "en": "Courier"
    },
    {
        "id": "13",
        "fr": "Conduite automobile",
        "en": "Car driving"
    },
    {
        "id": "14",
        "fr": "Documentation",
        "en": "Documentation"
    },
    {
        "id": "15",
        "fr": "Droit Publique",
        "en": "Public Law"
    },
    {
        "id": "16",
        "fr": "Droit Privé",
        "en": "Private right"
    },
    {
        "id": "17",
        "fr": "Sciences économiques",
        "en": "Economic science"
    },
    {
        "id": "18",
        "fr": "Electronique",
        "en": "Electronic"
    },
    {
        "id": "19",
        "fr": "Finances publiques",
        "en": "Public finances"
    },
    {
        "id": "20",
        "fr": "Gestion des Ressources Humaines",
        "en": "Human Resource Management"
    },
    {
        "id": "21",
        "fr": "Informatique",
        "en": "data processing"
    },
    {
        "id": "22",
        "fr": "Journalisme",
        "en": "Journalism"
    },
    {
        "id": "23",
        "fr": "Lettres",
        "en": "letters"
    },
    {
        "id": "24",
        "fr": "Maintenance automobile",
        "en": "Automotive Maintenance"
    },
    {
        "id": "25",
        "fr": "Maintenance électronique",
        "en": "Electronic maintenance"
    },
    {
        "id": "26",
        "fr": "Maintenance informatique",
        "en": "Computer maintenance"
    },
    {
        "id": "27",
        "fr": "Management",
        "en": "Management"
    },
    {
        "id": "28",
        "fr": "Mécanique automobile",
        "en": "Automobile mechanic"
    },
    {
        "id": "29",
        "fr": "Régies financières (Impot)",
        "en": "Financial Regulatory (Tax)"
    },
    {
        "id": "30",
        "fr": "Régies financières (Trésor)",
        "en": "Financial Regulatory (Treasury)"
    },
    {
        "id": "31",
        "fr": "Sciences et techniques de l’information et de la communication",
        "en": "Information and Communication Sciences and Technologies"
    },
    {
        "id": "32",
        "fr": "Sciences humaines",
        "en": "Social science"
    },
    {
        "id": "33",
        "fr": "Sciences sociales",
        "en": "Social Sciences"
    },
    {
        "id": "34",
        "fr": "Secrétariat",
        "en": "Secretariat"
    },
    {
        "id": "35",
        "fr": "Statistiques",
        "en": "Statistics"
    },
    {
        "id": "36",
        "fr": "Statistiques économiques",
        "en": "Economic statistics"
    },
    {
        "id": "37",
        "fr": "Techniques de la documentation",
        "en": "Documentation techniques"
    },
    {
        "id": "38",
        "fr": "Techniques administratives",
        "en": "Administrative techniques"
    },
    {
        "id": "39",
        "fr": "Travaux Publics",
        "en": "Public Works"
    },
    {
        "id": "40",
        "fr": "Reglementation du travail",
        "en": "Regulation of work"
    },
    {
        "id": "41",
        "fr": "Procédures budgetaires",
        "en": "Budgetary procedures"
    },
    {
        "id": "42",
        "fr": "Analyste en conception de projet",
        "en": "Project Design Analyst"
    },
    {
        "id": "43",
        "fr": "Spécialiste des questions de sécurité (Force de l'ordre)",
        "en": "Security Specialist (Law Enforcement)"
    },
    {
        "id": "44",
        "fr": "Fiscalité",
        "en": "tax system"
    },
    {
        "id": "45",
        "fr": "Programmation financiere",
        "en": "Financial programming"
    },
    {
        "id": "46",
        "fr": "Gestion des stocks",
        "en": "Inventory management"
    },
    {
        "id": "47",
        "fr": "Gestion de la trésorerie",
        "en": "Finance management"
    },
    {
        "id": "48",
        "fr": "Audit et Contrôle",
        "en": "Audit and Control"
    },
    {
        "id": "49",
        "fr": "Contrôle de Gestion",
        "en": "Management Control"
    },
    {
        "id": "50",
        "fr": "Traducteur",
        "en": "Translator"
    },
    {
        "id": "51",
        "fr": "Moins de 3 ans d'Expérience dans le Metier de la trésorerie et des finances",
        "en": "Less than 3 years of experience in the business of treasury and finance"
    },
    {
        "id": "52",
        "fr": "Plus de 3 ans d'Expérience dans le Metier de la trésorerie et des finances",
        "en": "More than 3 years of experience in the business of treasury and finance"
    },
    {
        "id": "53",
        "fr": "Moins de 3 ans d'Expérience dans le Metier de l'administration",
        "en": "Less than 3 years of experience in the administration of the administration"
    },
    {
        "id": "54",
        "fr": "Plus de 3 ans d'Expérience dans le Metier de l'administration",
        "en": "More than 3 years of experience in the business of administration"
    },
    {
        "id": "55",
        "fr": "Moins de 3 ans d'Expérience dans le Métier de la comptabilité",
        "en": "Less than 3 years of experience in the accounting profession"
    },
    {
        "id": "56",
        "fr": "Plus de 3 ans d'Expérience dans le Métier de la comptabilité",
        "en": "More than 3 years of experience in the accounting profession"
    },
    {
        "id": "57",
        "fr": "Moins de 3 ans d'Expérience dans le Métier de l'informatique",
        "en": "Less than 3 years of experience in the IT profession"
    },
    {
        "id": "58",
        "fr": "Plus de 3 ans d'Expérience dans le Métier de l'informatique",
        "en": "More than 3 years of experience in the IT profession"
    },
    {
        "id": "59",
        "fr": "Moins de 3 ans d'Expérience dans le Métier des banques et monaies",
        "en": "Less than 3 years of experience in banking and monies"
    },
    {
        "id": "60",
        "fr": "Plus de 3 ans d'Expérience dans le Métier des banques et monaies",
        "en": "More than 3 years of experience in banking and monies business"
    },
    {
        "id": "61",
        "fr": "Moins de 3 ans d'Expérience dans le Métier des assurances",
        "en": "Less than 3 years of experience in the insurance business"
    },
    {
        "id": "62",
        "fr": "Plus de 3 ans d'Expérience dans le Métier des assurances",
        "en": "More than 3 years of experience in the insurance business"
    },
    {
        "id": "63",
        "fr": "Moins de 3 ans d'Expérience dans le Métier de la formation",
        "en": "Less than 3 years of experience in the training profession"
    },
    {
        "id": "64",
        "fr": "Plus de 3 ans d'Expérience dans le Métier de la formation",
        "en": "More than 3 years of experience in the profession of training"
    },
    {
        "id": "65",
        "fr": "Moins de 3 ans d'Expérience dans le Métier de l'Audit et contrôle",
        "en": "Less than 3 years of experience in the audit and control profession"
    },
    {
        "id": "66",
        "fr": "Plus de 3 ans d'Expérience dans le Métier de l'Audit et contrôle",
        "en": "More than 3 years of experience in the audit and control profession"
    },
    {
        "id": "67",
        "fr": "5 ans d'Expérience dans le Metier de la trésorerie et des finances",
        "en": "5 years of experience in the business of treasury and finance"
    },
    {
        "id": "68",
        "fr": "5 ans d'Expérience dans le Metier de l'administration",
        "en": "5 years of experience in the business of administration"
    },
    {
        "id": "69",
        "fr": "5 ans d'Expérience dans le Métier de la comptabilité",
        "en": "5 years of experience in the accounting profession"
    },
    {
        "id": "70",
        "fr": "5 ans d'Expérience dans le Métier de l'informatique",
        "en": "5 years of experience in the IT profession"
    },
    {
        "id": "71",
        "fr": "5 ans d'Expérience dans le Métier des banques et monaies",
        "en": "5 years of experience in banking and monies"
    },
    {
        "id": "72",
        "fr": "5 ans d'Expérience dans le Métier des assurances",
        "en": "5 years of experience in the insurance business"
    },
    {
        "id": "73",
        "fr": "5 ans d'Expérience dans le Métier de la formation",
        "en": "5 years of experience in the profession of training"
    },
    {
        "id": "74",
        "fr": "5 ans d'Expérience dans le Métier de l'Audit et contrôle",
        "en": "5 years of experience in the audit and control profession"
    },
    {
        "id": "75",
        "fr": "15 ans d'Expérience dans l'administration publique",
        "en": "15 years of experience in public administration"
    },
    {
        "id": "76",
        "fr": "Bureautique",
        "en": "Office"
    },
    {
        "id": "77",
        "fr": "Sciences Juridiques",
        "en": "Legal Sciences"
    },
    {
        "id": "78",
        "fr": "Avoir au moins 10 ans d’ancienneté dans l’Administration ou /et avoir été Sous- Directeur ou assimilé pendant 5 ans au moins.",
        "en": "Avoir au moins 10 ans d’ancienneté dans l’Administration ou /et avoir été Sous- Directeur ou assimilé pendant 5 ans au moins."
    },
    {
        "id": "79",
        "fr": "Avoir au moins 7 ans dans les régies financières",
        "en": "Avoir au moins 7 ans dans les régies financières"
    },
    {
        "id": "80",
        "fr": "Avoir au moins 7 ans d’ancienneté dans l’Administration",
        "en": "Avoir au moins 7 ans d’ancienneté dans l’Administration"
    },
    {
        "id": "81",
        "fr": "Avoir été Chef de Service ou assimilé pendant 3 ans au moins",
        "en": "Avoir été Chef de Service ou assimilé pendant 3 ans au moins"
    },
    {
        "id": "82",
        "fr": "Autres",
        "en": "Autres"
    }
]