[
 {
   "codept": "203-1P1",
   "order": "1"
 },
 {
   "codept": "203-1P2",
   "order": "2"
 },
 {
   "codept": "203-1P3",
   "order": "3"
 },
 {
   "codept": "203-1P4",
   "order": "4"
 },
 {
   "codept": "203-1P5",
   "order": "5"
 },
 {
   "codept": "203-1P6",
   "order": "6"
 },
 {
   "codept": "203-1P7",
   "order": "7"
 },
 {
   "codept": "203-1P8",
   "order": "8"
 },
 {
   "codept": "203-1P9",
   "order": "9"
 },
 {
   "codept": "203-1P10",
   "order": "10"
 },
 {
   "codept": "203-1P11",
   "order": "11"
 },
 {
   "codept": "203-1P12",
   "order": "12"
 },
 {
   "codept": "203-1P13",
   "order": "13"
 },
 {
   "codept": "203-2P1",
   "order": "1"
 },
 {
   "codept": "203-2P2",
   "order": "2"
 },
 {
   "codept": "203-2P3",
   "order": "3"
 },
 {
   "codept": "203-2P4",
   "order": "4"
 },
 {
   "codept": "203-2P5",
   "order": "5"
 },
 {
   "codept": "203-2P6",
   "order": "6"
 },
 {
   "codept": "203-2P7",
   "order": "7"
 },
 {
   "codept": "203-2P8",
   "order": "8"
 },
 {
   "codept": "203-2P9",
   "order": "9"
 },
 {
   "codept": "203-2P10",
   "order": "10"
 },
 {
   "codept": "203-2P11",
   "order": "11"
 },
 {
   "codept": "203-2P12",
   "order": "12"
 },
 {
   "codept": "203-2P13",
   "order": "13"
 },
 {
   "codept": "203-2P14",
   "order": "14"
 },
 {
   "codept": "203-2P15",
   "order": "15"
 },
 {
   "codept": "203-2P16",
   "order": "16"
 },
 {
   "codept": "203-2P17",
   "order": "17"
 },
 {
   "codept": "203-2P18",
   "order": "18"
 },
 {
   "codept": "203-2P19",
   "order": "19"
 },
 {
   "codept": "203-2P20",
   "order": "20"
 },
 {
   "codept": "203-2P21",
   "order": "21"
 },
 {
   "codept": "203-2P22",
   "order": "22"
 },
 {
   "codept": "203-2P23",
   "order": "23"
 },
 {
   "codept": "203-3P1",
   "order": "1"
 },
 {
   "codept": "203-3P2",
   "order": "2"
 },
 {
   "codept": "203-3P3",
   "order": "3"
 },
 {
   "codept": "203-3P4",
   "order": "4"
 },
 {
   "codept": "203-3P5",
   "order": "5"
 },
 {
   "codept": "203-3P6",
   "order": "6"
 },
 {
   "codept": "203-3P7",
   "order": "7"
 },
 {
   "codept": "203-3P8",
   "order": "8"
 },
 {
   "codept": "203-4P1",
   "order": "1"
 },
 {
   "codept": "203-4P2",
   "order": "2"
 },
 {
   "codept": "203-4P3",
   "order": "3"
 },
 {
   "codept": "203-4P4",
   "order": "4"
 },
 {
   "codept": "203-4P5",
   "order": "5"
 },
 {
   "codept": "203-4P6",
   "order": "6"
 },
 {
   "codept": "203-4P7",
   "order": "7"
 },
 {
   "codept": "203-4P8",
   "order": "8"
 },
 {
   "codept": "203-4P9",
   "order": "9"
 },
 {
   "codept": "203-4P10",
   "order": "10"
 },
 {
   "codept": "203-4P11",
   "order": "11"
 },
 {
   "codept": "203-4P12",
   "order": "12"
 },
 {
   "codept": "203-4P13",
   "order": "13"
 },
 {
   "codept": "203-4P14",
   "order": "14"
 }
]