[
    {
        "codept": "212-1P1",
        "order": "1"
    },
    {
        "codept": "212-1P6",
        "order": "2"
    },
    {
        "codept": "212-1P3",
        "order": "3"
    },
    {
        "codept": "212-1P4",
        "order": "4"
    },
    {
        "codept": "212-1P5",
        "order": "5"
    },
    {
        "codept": "212-1P7",
        "order": "6"
    },
    {
        "codept": "212-1P8",
        "order": "7"
    },
    {
        "codept": "212-1P9",
        "order": "8"
    },
    {
        "codept": "212-1P10",
        "order": "9"
    },
    {
        "codept": "212-1P11",
        "order": "10"
    },
    {
        "codept": "212-1P12",
        "order": "11"
    },
    {
        "codept": "212-1P13",
        "order": "12"
    },
    {
        "codept": "212-1P14",
        "order": "13"
    },
    {
        "codept": "212-1P15",
        "order": "14"
    },
    {
        "codept": "212-1P16",
        "order": "15"
    },
    {
        "codept": "212-1P17",
        "order": "16"
    },
    {
        "codept": "212-1P18",
        "order": "17"
    },
    {
        "codept": "212-1P19",
        "order": "18"
    },
    {
        "codept": "212-1P20",
        "order": "19"
    },
    {
        "codept": "212-2P1",
        "order": "1"
    },
    {
        "codept": "212-2P2",
        "order": "2"
    },
    {
        "codept": "212-2P3",
        "order": "3"
    },
    {
        "codept": "212-2P4",
        "order": "4"
    },
    {
        "codept": "212-2P5",
        "order": "5"
    },
    {
        "codept": "212-2P6",
        "order": "6"
    },
    {
        "codept": "212-3P1",
        "order": "1"
    },
    {
        "codept": "212-3P2",
        "order": "2"
    },
    {
        "codept": "212-3P3",
        "order": "3"
    },
    {
        "codept": "212-3P4",
        "order": "4"
    },
    {
        "codept": "212-3P5",
        "order": "5"
    },
    {
        "codept": "212-3P6",
        "order": "6"
    },
    {
        "codept": "212-3P7",
        "order": "7"
    },
    {
        "codept": "212-3P8",
        "order": "8"
    },
    {
        "codept": "212-3P9",
        "order": "9"
    },
    {
        "codept": "212-3P10",
        "order": "10"
    },
    {
        "codept": "212-3P11",
        "order": "11"
    },
    {
        "codept": "212-3P12",
        "order": "12"
    },
    {
        "codept": "212-3P13",
        "order": "13"
    },
    {
        "codept": "212-3P14",
        "order": "14"
    },
    {
        "codept": "212-4P1",
        "order": "1"
    },
    {
        "codept": "212-4P2",
        "order": "2"
    },
    {
        "codept": "212-4P3",
        "order": "3"
    },
    {
        "codept": "212-4P4",
        "order": "4"
    },
    {
        "codept": "212-4P7",
        "order": "5"
    },
    {
        "codept": "212-4P5",
        "order": "6"
    },
    {
        "codept": "212-4P6",
        "order": "7"
    },
    {
        "codept": "212-4P8",
        "order": "8"
    },
    {
        "codept": "212-4P9",
        "order": "9"
    },
    {
        "codept": "212-4P12",
        "order": "10"
    },
    {
        "codept": "212-4P14",
        "order": "11"
    },
    {
        "codept": "212-4P15",
        "order": "12"
    },
    {
        "codept": "212-4P16",
        "order": "13"
    },
    {
        "codept": "212-4P17",
        "order": "14"
    },
    {
        "codept": "212-4P18",
        "order": "15"
    },
    {
        "codept": "212-4P19",
        "order": "16"
    },
    {
        "codept": "212-4P20",
        "order": "17"
    },
    {
        "codept": "212-4P21",
        "order": "18"
    },
    {
        "codept": "212-4P22",
        "order": "19"
    },
    {
        "codept": "212-4P23",
        "order": "20"
    },
    {
        "codept": "212-4P24",
        "order": "21"
    },
    {
        "codept": "212-4P10",
        "order": "22"
    },
    {
        "codept": "212-4P25",
        "order": "23"
    },
    {
        "codept": "212-5P1",
        "order": "1"
    },
    {
        "codept": "212-5P2",
        "order": "2"
    },
    {
        "codept": "212-5P3",
        "order": "3"
    },
    {
        "codept": "212-5P4",
        "order": "4"
    },
    {
        "codept": "212-6P1",
        "order": "1"
    },
    {
        "codept": "212-6P2",
        "order": "2"
    },
    {
        "codept": "212-6P3",
        "order": "3"
    },
    {
        "codept": "212-6P4",
        "order": "4"
    },
    {
        "codept": "212-6P5",
        "order": "5"
    },
    {
        "codept": "212-6P6",
        "order": "6"
    },
    {
        "codept": "212-6P7",
        "order": "7"
    },
    {
        "codept": "212-6P8",
        "order": "8"
    },
    {
        "codept": "212-6P9",
        "order": "9"
    },
    {
        "codept": "212-6P10",
        "order": "10"
    },
    {
        "codept": "212-4P13",
        "order": "11"
    },
    {
        "codept": "212-6P12",
        "order": "12"
    },
    {
        "codept": "212-6P13",
        "order": "13"
    },
    {
        "codept": "212-4P11",
        "order": "14"
    },
    {
        "codept": "212-7P1",
        "order": "1"
    },
    {
        "codept": "212-7P2",
        "order": "2"
    },
    {
        "codept": "212-7P3",
        "order": "3"
    },
    {
        "codept": "212-7P4",
        "order": "4"
    },
    {
        "codept": "212-7P5",
        "order": "5"
    },
    {
        "codept": "212-7P6",
        "order": "6"
    },
    {
        "codept": "212-7P7",
        "order": "7"
    },
    {
        "codept": "212-7P8",
        "order": "8"
    },
    {
        "codept": "212-7P9",
        "order": "9"
    },
    {
        "codept": "212-7P10",
        "order": "10"
    },
    {
        "codept": "212-7P11",
        "order": "11"
    },
    {
        "codept": "212-7P12",
        "order": "12"
    }
]