[{"en":"Andorra","id":"AND"},{"en":"United Arab Emirates","id":"ARE"},{"en":"Afghanistan","id":"AFG"},{"en":"Antigua and Barbuda","id":"ATG"},{"en":"Anguilla","id":"AIA"},{"en":"Albania","id":"ALB"},{"en":"Armenia","id":"ARM"},{"en":"Angola","id":"AGO"},{"en":"Antarctica","id":"ATA"},{"en":"Argentina","id":"ARG"},{"en":"American Samoa","id":"ASM"},{"en":"Austria","id":"AUT"},{"en":"Australia","id":"AUS"},{"en":"Aruba","id":"ABW"},{"en":"Åland","id":"ALA"},{"en":"Azerbaijan","id":"AZE"},{"en":"Bosnia and Herzegovina","id":"BIH"},{"en":"Barbados","id":"BRB"},{"en":"Bangladesh","id":"BGD"},{"en":"Belgium","id":"BEL"},{"en":"Burkina Faso","id":"BFA"},{"en":"Bulgaria","id":"BGR"},{"en":"Bahrain","id":"BHR"},{"en":"Burundi","id":"BDI"},{"en":"Benin","id":"BEN"},{"en":"Saint Barthélemy","id":"BLM"},{"en":"Bermuda","id":"BMU"},{"en":"Brunei","id":"BRN"},{"en":"Bolivia","id":"BOL"},{"en":"Bonaire","id":"BES"},{"en":"Brazil","id":"BRA"},{"en":"Bahamas","id":"BHS"},{"en":"Bhutan","id":"BTN"},{"en":"Bouvet Island","id":"BVT"},{"en":"Botswana","id":"BWA"},{"en":"Belarus","id":"BLR"},{"en":"Belize","id":"BLZ"},{"en":"Canada","id":"CAN"},{"en":"Cocos [Keeling] Islands","id":"CCK"},{"en":"Democratic Republic of the Congo","id":"COD"},{"en":"Central African Republic","id":"CAF"},{"en":"Republic of the Congo","id":"COG"},{"en":"Switzerland","id":"CHE"},{"en":"Ivory Coast","id":"CIV"},{"en":"Cook Islands","id":"COK"},{"en":"Chile","id":"CHL"},{"en":"Cameroon","id":"CMR"},{"en":"China","id":"CHN"},{"en":"Colombia","id":"COL"},{"en":"Costa Rica","id":"CRI"},{"en":"Cuba","id":"CUB"},{"en":"Cape Verde","id":"CPV"},{"en":"Curacao","id":"CUW"},{"en":"Christmas Island","id":"CXR"},{"en":"Cyprus","id":"CYP"},{"en":"Czechia","id":"CZE"},{"en":"Germany","id":"DEU"},{"en":"Djibouti","id":"DJI"},{"en":"Denmark","id":"DNK"},{"en":"Dominica","id":"DMA"},{"en":"Dominican Republic","id":"DOM"},{"en":"Algeria","id":"DZA"},{"en":"Ecuador","id":"ECU"},{"en":"Estonia","id":"EST"},{"en":"Egypt","id":"EGY"},{"en":"Western Sahara","id":"ESH"},{"en":"Eritrea","id":"ERI"},{"en":"Spain","id":"ESP"},{"en":"Ethiopia","id":"ETH"},{"en":"Finland","id":"FIN"},{"en":"Fiji","id":"FJI"},{"en":"Falkland Islands","id":"FLK"},{"en":"Micronesia","id":"FSM"},{"en":"Faroe Islands","id":"FRO"},{"en":"France","id":"FRA"},{"en":"Gabon","id":"GAB"},{"en":"United Kingdom","id":"GBR"},{"en":"Grenada","id":"GRD"},{"en":"Georgia","id":"GEO"},{"en":"French Guiana","id":"GUF"},{"en":"Guernsey","id":"GGY"},{"en":"Ghana","id":"GHA"},{"en":"Gibraltar","id":"GIB"},{"en":"Greenland","id":"GRL"},{"en":"Gambia","id":"GMB"},{"en":"Guinea","id":"GIN"},{"en":"Guadeloupe","id":"GLP"},{"en":"Equatorial Guinea","id":"GNQ"},{"en":"Greece","id":"GRC"},{"en":"South Georgia and the South Sandwich Islands","id":"SGS"},{"en":"Guatemala","id":"GTM"},{"en":"Guam","id":"GUM"},{"en":"Guinea-Bissau","id":"GNB"},{"en":"Guyana","id":"GUY"},{"en":"Hong Kong","id":"HKG"},{"en":"Heard Island and McDonald Islands","id":"HMD"},{"en":"Honduras","id":"HND"},{"en":"Croatia","id":"HRV"},{"en":"Haiti","id":"HTI"},{"en":"Hungary","id":"HUN"},{"en":"Indonesia","id":"IDN"},{"en":"Ireland","id":"IRL"},{"en":"Israel","id":"ISR"},{"en":"Isle of Man","id":"IMN"},{"en":"India","id":"IND"},{"en":"British Indian Ocean Territory","id":"IOT"},{"en":"Iraq","id":"IRQ"},{"en":"Iran","id":"IRN"},{"en":"Iceland","id":"ISL"},{"en":"Italy","id":"ITA"},{"en":"Jersey","id":"JEY"},{"en":"Jamaica","id":"JAM"},{"en":"Jordan","id":"JOR"},{"en":"Japan","id":"JPN"},{"en":"Kenya","id":"KEN"},{"en":"Kyrgyzstan","id":"KGZ"},{"en":"Cambodia","id":"KHM"},{"en":"Kiribati","id":"KIR"},{"en":"Comoros","id":"COM"},{"en":"Saint Kitts and Nevis","id":"KNA"},{"en":"North Korea","id":"PRK"},{"en":"South Korea","id":"KOR"},{"en":"Kuwait","id":"KWT"},{"en":"Cayman Islands","id":"CYM"},{"en":"Kazakhstan","id":"KAZ"},{"en":"Laos","id":"LAO"},{"en":"Lebanon","id":"LBN"},{"en":"Saint Lucia","id":"LCA"},{"en":"Liechtenstein","id":"LIE"},{"en":"Sri Lanka","id":"LKA"},{"en":"Liberia","id":"LBR"},{"en":"Lesotho","id":"LSO"},{"en":"Lithuania","id":"LTU"},{"en":"Luxembourg","id":"LUX"},{"en":"Latvia","id":"LVA"},{"en":"Libya","id":"LBY"},{"en":"Morocco","id":"MAR"},{"en":"Monaco","id":"MCO"},{"en":"Moldova","id":"MDA"},{"en":"Montenegro","id":"MNE"},{"en":"Saint Martin","id":"MAF"},{"en":"Madagascar","id":"MDG"},{"en":"Marshall Islands","id":"MHL"},{"en":"Macedonia","id":"MKD"},{"en":"Mali","id":"MLI"},{"en":"Myanmar [Burma]","id":"MMR"},{"en":"Mongolia","id":"MNG"},{"en":"Macao","id":"MAC"},{"en":"Northern Mariana Islands","id":"MNP"},{"en":"Martinique","id":"MTQ"},{"en":"Mauritania","id":"MRT"},{"en":"Montserrat","id":"MSR"},{"en":"Malta","id":"MLT"},{"en":"Mauritius","id":"MUS"},{"en":"Maldives","id":"MDV"},{"en":"Malawi","id":"MWI"},{"en":"Mexico","id":"MEX"},{"en":"Malaysia","id":"MYS"},{"en":"Mozambique","id":"MOZ"},{"en":"Namibia","id":"NAM"},{"en":"New Caledonia","id":"NCL"},{"en":"Niger","id":"NER"},{"en":"Norfolk Island","id":"NFK"},{"en":"Nigeria","id":"NGA"},{"en":"Nicaragua","id":"NIC"},{"en":"Netherlands","id":"NLD"},{"en":"Norway","id":"NOR"},{"en":"Nepal","id":"NPL"},{"en":"Nauru","id":"NRU"},{"en":"Niue","id":"NIU"},{"en":"New Zealand","id":"NZL"},{"en":"Oman","id":"OMN"},{"en":"Panama","id":"PAN"},{"en":"Peru","id":"PER"},{"en":"French Polynesia","id":"PYF"},{"en":"Papua New Guinea","id":"PNG"},{"en":"Philippines","id":"PHL"},{"en":"Pakistan","id":"PAK"},{"en":"Poland","id":"POL"},{"en":"Saint Pierre and Miquelon","id":"SPM"},{"en":"Pitcairn Islands","id":"PCN"},{"en":"Puerto Rico","id":"PRI"},{"en":"Palestine","id":"PSE"},{"en":"Portugal","id":"PRT"},{"en":"Palau","id":"PLW"},{"en":"Paraguay","id":"PRY"},{"en":"Qatar","id":"QAT"},{"en":"Réunion","id":"REU"},{"en":"Romania","id":"ROU"},{"en":"Serbia","id":"SRB"},{"en":"Russia","id":"RUS"},{"en":"Rwanda","id":"RWA"},{"en":"Saudi Arabia","id":"SAU"},{"en":"Solomon Islands","id":"SLB"},{"en":"Seychelles","id":"SYC"},{"en":"Sudan","id":"SDN"},{"en":"Sweden","id":"SWE"},{"en":"Singapore","id":"SGP"},{"en":"Saint Helena","id":"SHN"},{"en":"Slovenia","id":"SVN"},{"en":"Svalbard and Jan Mayen","id":"SJM"},{"en":"Slovakia","id":"SVK"},{"en":"Sierra Leone","id":"SLE"},{"en":"San Marino","id":"SMR"},{"en":"Senegal","id":"SEN"},{"en":"Somalia","id":"SOM"},{"en":"Suriname","id":"SUR"},{"en":"South Sudan","id":"SSD"},{"en":"São Tomé and Príncipe","id":"STP"},{"en":"El Salvador","id":"SLV"},{"en":"Sint Maarten","id":"SXM"},{"en":"Syria","id":"SYR"},{"en":"Swaziland","id":"SWZ"},{"en":"Turks and Caicos Islands","id":"TCA"},{"en":"Chad","id":"TCD"},{"en":"French Southern Territories","id":"ATF"},{"en":"Togo","id":"TGO"},{"en":"Thailand","id":"THA"},{"en":"Tajikistan","id":"TJK"},{"en":"Tokelau","id":"TKL"},{"en":"East Timor","id":"TLS"},{"en":"Turkmenistan","id":"TKM"},{"en":"Tunisia","id":"TUN"},{"en":"Tonga","id":"TON"},{"en":"Turkey","id":"TUR"},{"en":"Trinidad and Tobago","id":"TTO"},{"en":"Tuvalu","id":"TUV"},{"en":"Taiwan","id":"TWN"},{"en":"Tanzania","id":"TZA"},{"en":"Ukraine","id":"UKR"},{"en":"Uganda","id":"UGA"},{"en":"U.S. Minor Outlying Islands","id":"UMI"},{"en":"United States","id":"USA"},{"en":"Uruguay","id":"URY"},{"en":"Uzbekistan","id":"UZB"},{"en":"Vatican City","id":"VAT"},{"en":"Saint Vincent and the Grenadines","id":"VCT"},{"en":"Venezuela","id":"VEN"},{"en":"British Virgin Islands","id":"VGB"},{"en":"U.S. Virgin Islands","id":"VIR"},{"en":"Vietnam","id":"VNM"},{"en":"Vanuatu","id":"VUT"},{"en":"Wallis and Futuna","id":"WLF"},{"en":"Samoa","id":"WSM"},{"en":"Kosovo","id":"XKX"},{"en":"Yemen","id":"YEM"},{"en":"Mayotte","id":"MYT"},{"en":"South Africa","id":"ZAF"},{"en":"Zambia","id":"ZMB"},{"en":"Zimbabwe","id":"ZWE"}]