[
    {
        "id": "fname",
        "en": "Nom",
        "fr": "Nom"
    },{
        "id": "matricule",
        "en": "Matricule",
        "fr": "Matricule"
    },{
        "id": "gender",
        "en": "Sexe",
        "fr": "Sexe"
    },{
        "id": "birthDate",
        "en": "Date de naissance",
        "fr": "Date de naissance"
    },{
        "id": "birthPlace",
        "en": "Lieu de naissance",
        "fr": "Lieu de naissance"
    },{
        "id": "address.0.region",
        "en": "Région",
        "fr": "Région"
    },{
        "id": "address.0.department",
        "en": "Département",
        "fr": "Département"
    },{
        "id": "address.0.arrondissement",
        "en": "Arrondissement",
        "fr": "Arrondissement"
    },{
        "id": "grade",
        "en": "Grade",
        "fr": "Grade"
    },{
        "id": "status",
        "en": "Statut",
        "fr": "Statut"
    },{
        "id": "history.recruitmentActNumber",
        "en": "Ref acte de recrutement",
        "fr": "Ref acte de recrutement"
    },{
        "id": "history.signatureDate",
        "en": "Date d’entrée à l’administration",
        "fr": "Date d’entrée à l’administration"
    },{
        "id": "category",
        "en": "Categorie",
        "fr": "Categorie"
    },{
        "id": "index",
        "en": "Index/Level",
        "fr": "Indce/Echelon"
    },{
        "id": "telecom.0.value",
        "en": "Téléphone",
        "fr": "Téléphone"
    },{
        "id": "affectation.position.name",
        "en": "Function",
        "fr": "Fonction"
    },{
        "id": "affectation.numAct",
        "en": "Ref acte affectation/nommination",
        "fr": "Ref acte affectation/nommination"
    },{
        "id": "affectation.structure.father.name",
        "en": "Structure",
        "fr": "Structure"
    },{
        "id": "affectation.structure.name",
        "en": "Sous structure",
        "fr": "Sous Structure"
    },{
        "id": "affectation.structure.father.typeValue",
        "en": "Type",
        "fr": "Type"
    },{
        "id": "active",
        "en": "Situation",
        "fr": "Situation"
    }
]