[
    {
        "id": "structure.typeValue",
        "en": "Service type",
        "fr": "Type de service"
    },{
        "id": "code",
        "en": "Code",
        "fr": "Code"
    },{
        "id": "name",
        "en": "Name",
        "fr": "Nom"
    },{
        "id": "helderMatricule",
        "en": "Matricule",
        "fr": "Matricule"
    },{
        "id": "helderName",
        "en": "Occupied by",
        "fr": "Occupé par"
    },{
        "id": "requiredProfiles",
        "en": "Required profiles",
        "fr": "Profiles requis"
    },{
        "id": "requiredSkills",
        "en": "Required skills",
        "fr": "Compétences requises"
    },{
        "id": "realProfiles",
        "en": "Real profile",
        "fr": "Profil réel"
    },{
        "id": "realSkills",
        "en": "Real skills",
        "fr": "Compétences réelles"
    },{
        "id": "status",
        "en": "Status",
        "fr": "Statut"
    }
]